trade_date,沪深300指数,京沪高铁,申通地铁,广深铁路,复星医药,药明康德
2023-06-05,3844.2492,5.61,8.3,3.4,30.5,66.09
2023-06-06,3808.1629,5.53,8.16,3.46,29.86,64.45
2023-06-07,3789.3418,5.67,8.26,3.81,29.83,63.28
2023-06-08,3820.1867,5.65,8.34,3.99,29.88,64.11
2023-06-09,3836.7026,5.64,8.38,3.91,29.95,67.44
2023-06-12,3844.4324,5.62,8.37,4.04,30.06,67.71
2023-06-13,3864.9074,5.59,8.35,4.09,30.09,68.81
2023-06-14,3864.0247,5.54,8.37,4.11,30.04,67.66
2023-06-15,3925.4994,5.41,8.33,4.17,30.58,70.9
2023-06-16,3963.3509,5.58,8.33,4.07,30.75,71.81
2023-06-19,3930.9079,5.39,8.22,4.05,31.25,69.8
2023-06-20,3924.2377,5.3,8.16,3.83,31.07,68.95
2023-06-21,3864.0323,5.26,8.13,3.85,30.66,63.3
2023-06-26,3809.6962,5.16,8.03,3.78,30.62,64.11
2023-06-27,3845.4334,5.16,8.16,3.91,30.92,63.7
2023-06-28,3840.7986,5.34,8.15,4.12,30.85,62.64
2023-06-29,3821.8435,5.26,8.2,4.02,30.67,61.82
2023-06-30,3842.4516,5.26,8.23,3.96,30.9,62.31
2023-07-03,3892.8821,5.44,8.26,4.01,31.04,63.69
2023-07-04,3899.0133,5.41,8.31,3.91,31.36,64.85
2023-07-05,3868.8054,5.42,8.31,3.87,31.08,64.54
2023-07-06,3842.7547,5.37,8.3,3.89,30.73,63.48
2023-07-07,3825.6988,5.49,8.32,3.86,30.75,63.01
2023-07-10,3844.3269,5.54,8.3,3.84,30.88,63.6
2023-07-11,3869.4861,5.56,8.33,3.69,31.04,63.9
2023-07-12,3843.4369,5.46,8.24,3.42,30.8,63.4
2023-07-13,3898.4229,5.56,8.3,3.38,31.05,67.13
2023-07-14,3899.1027,5.55,8.24,3.43,30.89,67.66
2023-07-17,3867.1749,5.55,8.27,3.26,30.44,65.86
2023-07-18,3854.9393,5.58,8.33,3.32,30.45,68.02
2023-07-19,3850.8663,5.57,8.35,3.48,30.56,67.87
2023-07-20,3823.6946,5.52,8.29,3.43,30.47,67.64
2023-07-21,3821.91,5.52,8.33,3.41,30.7,67.8
2023-07-24,3805.221,5.49,8.35,3.43,30.87,67.73
2023-07-25,3915.1153,5.56,8.43,3.4,31.12,68.15
2023-07-26,3907.0128,5.55,8.47,3.37,31.31,69.19
2023-07-27,3902.3458,5.53,8.44,3.35,31.19,69.3
2023-07-28,3992.7376,5.62,8.48,3.41,31.72,69.28
2023-07-31,4014.6301,5.47,8.57,3.4,31.7,71.67
2023-08-01,3998.001,5.53,8.54,3.43,31.53,74.98
2023-08-02,3969.895,5.42,8.57,3.37,30.95,73.8
2023-08-03,4004.9839,5.42,8.6,3.4,31.62,77.05
2023-08-04,4020.5792,5.47,8.61,3.37,31.44,75.56
2023-08-07,3990.1531,5.42,8.55,3.34,30.19,73.97
2023-08-08,3979.7322,5.37,8.59,3.37,30.1,73.61
2023-08-09,3967.5652,5.41,8.46,3.3,29.85,76.24
2023-08-10,3975.7166,5.42,8.57,3.33,29.81,78.9
2023-08-11,3884.2538,5.37,8.47,3.24,29.62,78.6
2023-08-14,3855.9061,5.41,8.52,3.29,29.74,78.49
2023-08-15,3846.5357,5.44,8.51,3.27,29.35,78.01
2023-08-16,3818.3338,5.43,8.45,3.23,29.34,77.91
2023-08-17,3831.1008,5.45,8.54,3.26,29.31,79.73
2023-08-18,3784.0038,5.37,8.5,3.23,28.76,77.77
2023-08-21,3729.555,5.3,8.43,3.17,28.22,77.8
2023-08-22,3758.2271,5.33,8.25,3.22,28.16,77.59
2023-08-23,3696.6339,5.3,8.19,3.15,27.6,76.43
2023-08-24,3723.4293,5.2,8.16,3.13,27.83,78.7
2023-08-25,3709.1517,5.24,8.08,3.11,27.81,79.06
2023-08-28,3752.6194,5.32,8.18,3.14,28.3,79.22
2023-08-29,3790.1067,5.37,8.28,3.19,28.91,81.26
2023-08-30,3788.5097,5.39,8.22,3.15,28.5,82.14
2023-08-31,3765.2678,5.1,8.11,3.13,27.93,81.5
2023-09-01,3791.4912,5.14,8.16,3.2,28.01,80.16
2023-09-04,3848.9517,5.19,8.28,3.16,28.34,81.38
2023-09-05,3820.3174,5.15,8.26,3.09,28.15,81.41
2023-09-06,3812.0283,5.12,8.79,3.06,28.0,77.0
2023-09-07,3758.4748,5.07,8.41,3.01,27.7,76.3
2023-09-08,3739.9927,5.06,8.29,2.97,27.63,76.2
2023-09-11,3767.537,5.06,8.31,3.01,28.1,77.5
2023-09-12,3760.6048,5.05,8.22,3.0,28.2,77.45
2023-09-13,3736.6513,5.08,8.21,2.98,27.99,77.33
2023-09-14,3733.5077,5.12,8.21,2.96,28.16,77.96
2023-09-15,3708.7766,5.12,8.23,2.95,28.29,79.8
2023-09-18,3727.711,5.06,8.27,2.97,28.6,81.0
2023-09-19,3720.5021,5.12,8.26,2.97,28.48,80.4
2023-09-20,3705.6898,5.1,8.18,2.94,28.24,80.19
2023-09-21,3672.4448,5.15,8.16,2.96,27.92,78.55
2023-09-22,3738.9327,5.16,8.23,3.02,28.47,79.55
2023-09-25,3714.6037,5.14,8.22,2.92,28.55,81.5
2023-09-26,3692.8928,5.15,8.2,2.86,28.27,81.55
2023-09-27,3700.495,5.15,8.2,2.88,28.66,87.67
2023-09-28,3689.5172,5.13,8.27,2.89,28.6,86.18
2023-10-09,3684.7272,5.04,8.19,2.84,28.69,86.49
2023-10-10,3657.1259,4.92,8.14,2.77,28.27,84.45
2023-10-11,3667.5483,4.93,8.13,2.76,28.75,88.15
2023-10-12,3702.3824,5.03,8.15,2.79,28.91,89.3
2023-10-13,3663.4104,4.94,8.07,2.71,29.3,90.18
2023-10-16,3626.5972,4.93,8.07,2.73,28.8,87.9
2023-10-17,3639.4018,4.96,8.05,2.73,28.65,88.25
2023-10-18,3610.5767,4.93,7.91,2.7,28.18,87.51
2023-10-19,3533.5445,4.83,7.85,2.67,27.66,86.18
2023-10-20,3510.5889,4.8,7.81,2.65,27.15,84.62
2023-10-23,3474.2438,4.81,7.64,2.6,26.84,84.35
2023-10-24,3487.1302,4.83,7.81,2.63,27.16,84.07
2023-10-25,3504.4576,4.95,7.92,2.65,27.22,83.47
2023-10-26,3514.1448,5.04,7.92,2.67,27.25,84.37
2023-10-27,3562.3851,5.04,8.01,2.72,28.08,88.72
2023-10-30,3583.7718,5.01,8.09,2.68,28.93,90.46
2023-10-31,3572.5056,5.0,8.09,2.58,28.44,86.51
2023-11-01,3571.0268,4.97,8.11,2.57,28.22,84.95
2023-11-02,3554.1889,4.96,8.07,2.59,28.32,85.38
2023-11-03,3584.1364,4.99,8.04,2.59,28.39,86.92
2023-11-06,3632.6084,4.97,8.06,2.66,28.82,90.88
2023-11-07,3619.7593,4.98,8.05,2.61,28.71,89.75
2023-11-08,3611.0723,4.94,8.04,2.58,28.72,90.73
2023-11-09,3612.8263,4.93,8.02,2.58,28.52,88.93
2023-11-10,3586.4893,4.92,8.01,2.58,28.38,88.19
2023-11-13,3579.4141,4.9,8.07,2.58,28.2,86.52
2023-11-14,3582.0584,4.91,8.06,2.58,28.19,85.56
2023-11-15,3607.2454,4.91,8.07,2.62,28.42,87.7
2023-11-16,3572.3641,4.9,8.05,2.59,28.09,85.42
2023-11-17,3568.0685,4.9,8.09,2.57,28.2,85.36
2023-11-20,3576.3233,4.93,8.12,2.6,28.37,86.86
2023-11-21,3581.0674,4.99,8.19,2.69,28.4,86.86
2023-11-22,3544.4162,4.97,8.2,2.68,28.14,84.23
2023-11-23,3561.5204,4.99,8.26,2.73,28.59,84.68
2023-11-24,3538.0087,4.97,8.27,2.71,28.5,83.76
2023-11-27,3511.9424,4.99,8.23,2.69,27.72,83.13
2023-11-28,3518.5232,5.03,8.28,2.67,28.19,84.24
2023-11-29,3488.3073,5.03,8.21,2.63,27.81,83.81
2023-11-30,3496.2028,5.05,8.24,2.64,27.9,82.6
2023-12-01,3482.8813,5.07,8.24,2.69,27.98,83.0
2023-12-04,3460.138,5.08,8.29,2.72,27.41,77.26
2023-12-05,3394.2571,5.01,8.2,2.68,27.1,74.7
2023-12-06,3399.598,5.02,8.27,2.68,27.13,76.16
2023-12-07,3391.2823,5.06,8.28,2.65,26.92,75.5
2023-12-08,3399.4618,4.96,8.13,2.66,27.2,76.0
2023-12-11,3419.4548,5.07,8.2,2.65,26.77,76.71
2023-12-12,3426.803,5.06,8.28,2.68,26.15,75.3
2023-12-13,3369.605,5.01,8.46,2.66,25.98,74.03
2023-12-14,3351.9639,4.98,8.43,2.69,25.87,74.61
2023-12-15,3341.5517,4.88,8.38,2.65,25.7,73.38
2023-12-18,3329.3657,4.87,8.52,2.62,25.09,73.52
2023-12-19,3334.0412,4.88,8.57,2.57,24.57,72.91
2023-12-20,3297.5022,4.84,8.87,2.55,24.28,72.41
2023-12-21,3330.8698,4.83,8.99,2.53,24.67,73.25
2023-12-22,3337.2281,4.85,8.56,2.52,24.31,72.53
2023-12-25,3347.4508,4.88,8.27,2.5,24.38,73.57
2023-12-26,3324.7902,4.85,8.02,2.47,24.25,72.16
2023-12-27,3336.3572,4.83,8.18,2.5,24.21,71.25
2023-12-28,3414.5403,4.89,8.17,2.6,24.94,73.45
2023-12-29,3431.1099,4.92,8.23,2.59,25.03,72.76
2024-01-02,3386.3522,4.89,8.41,2.7,24.86,70.5
2024-01-03,3378.2971,4.89,8.46,2.76,24.97,70.1
2024-01-04,3347.0519,4.81,8.5,2.74,24.95,69.16
2024-01-05,3329.1114,4.76,8.44,2.72,24.55,68.11
2024-01-08,3286.0564,4.67,8.37,2.67,24.21,67.46
2024-01-09,3292.4994,4.73,8.5,2.74,24.12,67.4
2024-01-10,3277.129,4.74,8.4,2.76,24.19,67.62
2024-01-11,3295.6717,4.72,8.42,2.8,24.42,71.75
2024-01-12,3284.1667,4.75,8.41,2.77,24.06,71.82
2024-01-15,3280.9195,4.79,8.36,2.83,23.72,72.65
2024-01-16,3300.8762,4.86,8.24,2.79,23.71,73.35
2024-01-17,3229.082,4.8,8.15,2.75,22.9,71.5
2024-01-18,3274.7286,4.83,7.93,2.73,22.9,73.82
2024-01-19,3269.7763,4.85,7.86,2.69,22.97,74.89
2024-01-22,3218.9016,4.79,7.35,2.56,22.24,74.46
2024-01-23,3231.9329,4.69,7.32,2.57,22.46,74.07
2024-01-24,3277.1089,4.84,7.7,2.7,22.72,74.0
2024-01-25,3342.9189,4.94,8.38,2.97,23.37,73.29
2024-01-26,3333.8213,4.97,8.58,2.92,23.17,65.96
2024-01-29,3303.9604,5.02,8.64,2.91,22.99,59.36
2024-01-30,3245.0387,4.99,8.18,2.9,22.51,56.85
2024-01-31,3215.3518,4.97,7.77,2.83,21.82,54.2
2024-02-01,3217.7109,4.93,7.49,2.77,22.27,55.8
2024-02-02,3179.6276,4.92,7.11,2.67,21.51,50.22
2024-02-05,3200.4218,5.0,6.4,2.54,21.19,48.23
2024-02-06,3311.6922,5.06,6.4,2.65,23.15,52.25
2024-02-07,3343.6303,5.06,6.16,2.71,23.85,55.25
2024-02-08,3364.9297,5.03,6.53,2.72,23.95,53.12
2024-02-19,3403.8078,5.1,6.73,2.76,23.98,50.05
2024-02-20,3410.8542,5.16,6.79,2.72,23.99,51.57
2024-02-21,3456.8713,5.12,6.87,2.77,24.02,53.74
2024-02-22,3486.6747,5.12,6.95,2.8,24.04,54.11
2024-02-23,3489.7416,5.11,7.06,2.9,24.07,53.58
2024-02-26,3453.3585,5.03,7.09,2.9,24.3,54.65
2024-02-27,3494.7874,5.02,7.22,2.91,24.57,54.98
2024-02-28,3450.2598,5.01,6.8,2.83,24.17,53.01
2024-02-29,3516.0826,5.05,6.98,2.9,24.58,54.48
2024-03-01,3537.8038,5.0,7.05,2.9,24.77,55.02
2024-03-04,3540.8686,4.99,7.06,2.9,25.64,60.0
2024-03-05,3565.5143,5.07,6.99,2.89,25.16,58.23
2024-03-06,3551.0481,5.04,7.07,2.91,24.89,58.73
2024-03-07,3529.7195,5.04,7.24,2.91,24.28,52.86
2024-03-08,3544.9099,5.03,7.18,2.93,24.28,51.84
2024-03-11,3589.2635,5.05,7.4,2.95,24.76,54.77
2024-03-12,3597.4939,5.04,7.3,2.91,25.03,57.2
2024-03-13,3572.361,4.98,7.27,2.85,24.73,56.75
2024-03-14,3562.2229,5.03,7.26,2.86,24.92,53.51
2024-03-15,3569.993,5.01,7.31,2.86,24.75,51.31
2024-03-18,3603.528,5.05,7.44,2.94,25.1,53.41
2024-03-19,3577.6303,5.0,7.4,2.88,24.8,50.81
2024-03-20,3585.3838,5.0,7.4,2.93,24.82,50.33
2024-03-21,3581.0902,5.0,7.38,2.97,24.67,50.02
2024-03-22,3545.0023,4.96,7.25,3.02,24.1,47.91
2024-03-25,3525.7634,4.96,7.11,2.96,23.6,48.9
2024-03-26,3543.7467,4.97,7.12,3.02,23.54,47.46
2024-03-27,3502.7866,4.96,6.94,2.96,22.8,46.58
2024-03-28,3520.9648,4.99,7.03,2.99,23.13,47.03
2024-03-29,3537.4843,5.02,7.34,2.96,23.07,46.18
2024-04-01,3595.6466,5.07,7.26,2.98,23.45,47.84
2024-04-02,3580.6759,5.09,7.27,3.05,23.33,47.06
2024-04-03,3567.8031,5.09,7.3,3.17,23.34,47.31
2024-04-08,3536.4077,5.12,7.43,3.21,22.85,46.11
2024-04-09,3533.4871,5.06,7.29,3.27,23.43,46.92
2024-04-10,3504.7086,5.08,7.18,3.24,23.06,45.58
2024-04-11,3504.2447,5.07,7.23,3.26,22.94,43.8
2024-04-12,3475.8389,5.03,7.2,3.23,22.55,42.89
2024-04-15,3549.0759,5.15,7.03,3.31,22.7,42.38
2024-04-16,3511.1146,5.1,6.7,3.19,22.35,41.19
2024-04-17,3565.403,5.17,7.0,3.27,22.78,43.15
2024-04-18,3569.8018,5.17,6.87,3.29,22.77,43.43
2024-04-19,3541.6619,5.16,6.8,3.27,22.51,42.2
2024-04-22,3530.9045,5.16,6.78,3.19,22.74,42.1
2024-04-23,3506.2249,5.18,6.82,3.11,22.75,42.63
2024-04-24,3521.6219,5.16,6.9,3.16,22.73,41.96
2024-04-25,3530.2813,5.23,6.93,3.12,22.88,41.6
2024-04-26,3584.2686,5.19,6.96,3.19,23.19,42.92
2024-04-29,3623.9124,5.12,7.11,3.09,23.71,44.57
2024-04-30,3604.3943,5.09,7.02,3.26,23.67,43.67
2024-05-06,3657.8767,5.26,7.2,3.59,24.12,45.78
2024-05-07,3659.0076,5.16,7.18,3.39,24.19,45.65
2024-05-08,3630.2233,5.13,7.21,3.34,24.17,44.71
2024-05-09,3664.561,5.15,7.21,3.42,24.34,45.37
2024-05-10,3666.2771,5.15,7.22,3.35,24.17,44.85
2024-05-13,3664.6907,5.22,7.16,3.45,23.97,46.19
2024-05-14,3657.0454,5.24,7.26,3.48,23.97,47.14
2024-05-15,3626.0559,5.22,7.17,3.4,23.69,45.22
2024-05-16,3640.3592,5.19,7.18,3.4,23.72,45.58
2024-05-17,3677.9696,5.25,7.22,3.36,23.78,44.9
2024-05-20,3690.9623,5.25,7.22,3.35,23.81,44.7
2024-05-21,3676.1611,5.22,7.16,3.36,23.45,43.71
2024-05-22,3684.451,5.24,7.17,3.33,23.63,44.12
2024-05-23,3641.7917,5.16,7.02,3.31,23.2,43.29
2024-05-24,3601.4754,5.13,7.03,3.33,23.1,42.75
2024-05-27,3635.7079,5.19,7.09,3.46,23.25,42.42
2024-05-28,3609.1724,5.14,7.19,3.4,23.2,42.26
2024-05-29,3613.5223,5.13,7.06,3.36,23.1,42.27
2024-05-30,3594.3121,5.08,6.99,3.32,23.15,41.94
2024-05-31,3579.9247,5.06,7.02,3.33,23.17,42.11
2024-06-03,3588.7483,5.02,6.87,3.32,23.38,42.0
2024-06-04,3615.6714,5.11,6.81,3.37,23.85,43.28
2024-06-05,3594.7936,5.13,6.75,3.33,23.87,42.9
2024-06-06,3592.2454,5.16,6.57,3.3,23.62,42.58
2024-06-07,3574.1143,5.24,6.8,3.39,23.97,42.39
2024-06-11,3542.8771,5.16,6.83,3.31,23.77,42.46
2024-06-12,3544.1225,5.17,6.78,3.32,23.67,45.38
2024-06-13,3526.1306,5.17,6.71,3.23,23.3,45.0
2024-06-14,3541.5331,5.13,6.73,3.19,23.18,43.7
2024-06-17,3536.1986,5.16,6.72,3.21,23.04,43.97
2024-06-18,3545.5902,5.19,6.77,3.26,22.91,42.53
2024-06-19,3528.749,5.2,6.77,3.22,22.63,41.94
2024-06-20,3503.2817,5.21,6.65,3.21,22.5,41.09
2024-06-21,3495.6198,5.2,6.66,3.22,22.45,40.49
2024-06-24,3476.8102,5.24,6.43,3.19,21.91,40.42
2024-06-25,3457.9023,5.25,6.48,3.17,22.08,40.49
2024-06-26,3480.2648,5.24,6.58,3.17,22.63,40.21
2024-06-27,3454.1175,5.34,6.51,3.14,22.15,39.33
2024-06-28,3461.657,5.37,6.54,3.24,22.14,39.19
2024-07-01,3478.1827,5.42,6.6,3.33,22.13,38.66
2024-07-02,3471.7857,5.53,6.65,3.39,21.97,38.29
2024-07-03,3463.4141,5.52,6.62,3.4,22.04,38.7
2024-07-04,3445.8128,5.49,6.51,3.4,21.71,37.6
2024-07-05,3431.0605,5.47,6.58,3.43,22.32,38.02
2024-07-08,3401.7604,5.47,6.42,3.39,21.9,36.87
2024-07-09,3439.8111,5.52,6.54,3.4,22.04,37.26
2024-07-10,3428.9657,5.44,6.7,3.41,22.17,37.54
2024-07-11,3468.169,5.41,6.79,3.38,22.57,38.82
2024-07-12,3472.4014,5.5,6.87,3.39,22.59,38.8
2024-07-15,3476.2467,5.56,6.88,3.47,22.49,38.05
2024-07-16,3498.2827,5.61,7.08,3.5,22.67,38.49
2024-07-17,3501.5836,5.67,7.02,3.5,23.04,39.22
2024-07-18,3520.931,5.71,7.08,3.53,23.14,39.33
2024-07-19,3539.0156,5.72,6.88,3.57,23.38,39.6
2024-07-22,3514.9249,5.72,6.91,3.66,23.58,40.07
2024-07-23,3439.8779,5.74,7.6,3.72,23.02,39.2
2024-07-24,3418.1663,5.76,8.36,3.75,22.8,38.65
2024-07-25,3399.2716,5.82,9.2,3.72,23.1,39.26
2024-07-26,3409.2931,5.84,9.58,3.72,23.09,39.54
2024-07-29,3390.742,5.78,10.07,3.74,22.87,39.0
2024-07-30,3369.3821,5.77,9.7,3.62,22.77,40.69
2024-07-31,3442.0844,5.72,8.87,3.61,23.58,42.54
2024-08-01,3419.2666,5.85,8.51,3.71,23.6,42.3
2024-08-02,3384.3919,5.81,8.14,3.7,23.78,42.91
2024-08-05,3343.3205,5.76,8.27,3.59,23.64,42.49
2024-08-06,3342.9789,5.73,7.66,3.57,23.78,43.4
2024-08-07,3341.489,5.72,7.64,3.5,23.72,42.9
2024-08-08,3342.9369,5.69,7.43,3.53,23.7,42.5
2024-08-09,3331.6274,5.68,7.36,3.54,23.46,41.5
2024-08-12,3325.8645,5.66,7.43,3.51,23.87,41.38
2024-08-13,3334.3903,5.67,7.43,3.51,23.57,41.2
2024-08-14,3309.2389,5.71,7.79,3.5,23.34,39.87
2024-08-15,3341.953,5.79,7.92,3.51,23.32,40.13
2024-08-16,3345.634,5.73,7.32,3.38,23.45,40.22
2024-08-19,3356.9677,5.75,7.35,3.52,23.29,39.77
2024-08-20,3332.7034,5.71,7.28,3.45,23.06,39.3
2024-08-21,3321.635,5.71,7.43,3.46,22.77,38.74
2024-08-22,3313.1357,5.68,7.3,3.54,22.39,37.5
2024-08-23,3327.1905,5.68,7.08,3.48,22.4,37.49
2024-08-26,3324.2231,5.66,6.99,3.47,22.34,38.14
2024-08-27,3305.3338,5.65,6.88,3.4,22.3,38.07
2024-08-28,3286.4956,5.57,6.88,3.47,22.36,38.3
2024-08-29,3277.6812,5.41,6.87,3.3,22.68,38.71
2024-08-30,3321.4323,5.43,6.96,3.3,22.54,39.18
2024-09-02,3265.011,5.34,7.06,3.29,22.38,37.74
2024-09-03,3273.4282,5.39,6.89,3.3,22.7,38.39
2024-09-04,3252.1649,5.45,6.79,3.32,22.55,39.4
2024-09-05,3257.7578,5.48,7.0,3.36,22.82,39.66
2024-09-06,3231.3457,5.42,7.29,3.38,22.51,38.8
2024-09-09,3192.9516,5.37,6.88,3.31,22.34,39.41
2024-09-10,3195.7552,5.35,6.88,3.26,22.35,37.29
2024-09-11,3186.1299,5.22,6.67,3.15,22.5,38.54
2024-09-12,3172.4747,5.27,6.64,3.15,22.39,39.76
2024-09-13,3159.247,5.27,6.63,3.13,22.22,39.82
2024-09-18,3171.0102,5.3,6.68,3.13,22.28,40.02
2024-09-19,3196.0357,5.31,6.82,3.19,22.5,40.68
2024-09-20,3201.0497,5.33,6.79,3.19,22.33,40.58
2024-09-23,3212.7639,5.38,6.79,3.17,22.35,41.75
2024-09-24,3351.909,5.41,6.94,3.34,22.88,42.5
2024-09-25,3401.533,5.48,7.05,3.41,23.21,42.71
2024-09-26,3545.3204,5.55,7.26,3.52,23.95,43.27
2024-09-27,3703.6849,5.61,7.49,3.48,25.15,47.6
2024-09-30,4017.8545,6.04,8.1,3.78,27.67,52.36
2024-10-08,4256.0962,5.93,8.33,3.82,29.2,57.6
2024-10-09,3955.9839,5.68,7.65,3.53,26.78,55.79
2024-10-10,3997.7879,5.86,7.73,3.66,26.58,54.93
2024-10-11,3887.167,5.72,7.44,3.56,25.72,51.45
2024-10-14,3961.3424,5.84,7.65,3.75,25.76,51.9
2024-10-15,3855.9949,5.7,7.51,3.68,25.3,50.08
2024-10-16,3831.589,5.73,7.53,3.76,24.88,48.96
2024-10-17,3788.2217,5.62,7.43,3.65,24.65,48.18
2024-10-18,3925.234,5.69,7.68,3.73,25.45,50.22
2024-10-21,3935.1974,5.62,7.78,3.64,25.42,50.36
2024-10-22,3957.7755,5.68,7.87,3.63,25.82,50.8
2024-10-23,3973.2089,5.76,7.82,3.61,25.81,51.49
2024-10-24,3928.8334,5.65,7.78,3.5,25.68,50.14
2024-10-25,3956.421,5.61,7.93,3.4,26.05,53.0
2024-10-28,3964.1569,5.66,8.46,3.44,26.5,53.44
2024-10-29,3924.649,5.62,8.21,3.37,26.04,53.49
2024-10-30,3889.4487,5.66,8.71,3.37,26.68,52.14
2024-10-31,3891.0396,5.43,8.71,3.41,26.6,52.0
2024-11-01,3890.0203,5.54,8.33,3.38,26.51,51.15
2024-11-04,3944.7619,5.58,8.37,3.38,26.84,51.96
2024-11-05,4044.5725,5.65,8.47,3.45,27.19,53.79
2024-11-06,4024.2831,5.6,8.77,3.39,27.1,54.9
2024-11-07,4145.6952,5.72,8.86,3.49,27.55,56.72
2024-11-08,4104.047,5.67,9.75,3.45,27.46,56.12
2024-11-11,4131.1312,5.59,10.1,3.42,27.48,57.43
2024-11-12,4085.743,5.51,9.72,3.37,27.78,58.3
2024-11-13,4110.8901,5.57,9.82,3.41,27.69,56.56
2024-11-14,4039.6191,5.53,9.37,3.37,27.06,54.4
2024-11-15,3968.8308,5.66,9.09,3.39,26.81,52.87
2024-11-18,3950.3806,5.68,8.88,3.47,26.67,51.62
2024-11-19,3976.8912,5.64,8.96,3.48,26.85,52.08
2024-11-20,3985.7727,5.58,9.0,3.48,27.27,52.57
2024-11-21,3989.2979,5.62,8.94,3.46,27.29,52.17
2024-11-22,3865.6989,5.53,8.59,3.35,26.24,49.63
2024-11-25,3848.0909,5.51,8.75,3.31,26.33,49.1
2024-11-26,3840.1847,5.55,8.75,3.34,26.01,49.0
2024-11-27,3907.0447,5.65,8.76,3.36,26.39,49.92
2024-11-28,3872.5505,5.73,8.82,3.38,26.31,49.4
2024-11-29,3916.5832,5.73,8.84,3.38,26.68,50.14
2024-12-02,3947.632,6.03,9.11,3.43,26.78,51.22
2024-12-03,3951.8912,6.21,9.01,3.5,26.73,52.32
2024-12-04,3930.5568,6.2,8.86,3.48,26.3,51.48
2024-12-05,3921.5881,6.21,8.84,3.45,26.12,51.41
2024-12-06,3973.1405,6.25,8.8,3.55,26.42,55.22
2024-12-09,3966.5708,6.36,8.71,3.6,26.31,58.98
2024-12-10,3995.6369,6.32,8.72,3.53,26.34,57.97
2024-12-11,3988.8308,6.22,9.06,3.57,26.74,57.69
2024-12-12,4028.5048,6.37,9.21,3.6,26.79,57.09
2024-12-13,3933.1808,6.16,8.98,3.5,26.3,56.5
2024-12-16,3911.8416,6.23,9.05,3.54,25.85,56.21
2024-12-17,3922.0334,6.19,8.6,3.49,25.96,55.5
2024-12-18,3941.89,6.19,8.69,3.5,25.96,56.1
2024-12-19,3945.4635,6.14,8.61,3.43,26.03,55.91
2024-12-20,3927.7441,6.06,8.79,3.4,25.9,55.79
2024-12-23,3933.5718,6.14,8.25,3.41,25.6,56.26
2024-12-24,3983.6882,6.16,8.3,3.51,25.69,56.45
2024-12-25,3985.6291,6.24,8.15,3.53,25.6,55.64
2024-12-26,3987.4801,6.19,8.19,3.44,25.22,55.51
2024-12-27,3981.0307,6.23,8.34,3.49,25.51,54.79
2024-12-30,3999.0549,6.28,8.23,3.48,25.28,56.1
2024-12-31,3934.9109,6.16,8.12,3.43,24.85,55.04
2025-01-02,3820.3952,6.03,7.98,3.32,24.42,53.06
2025-01-03,3775.1648,5.96,7.73,3.29,24.16,52.37
2025-01-06,3768.9697,5.92,7.74,3.31,24.65,52.9
2025-01-07,3796.1055,5.88,7.82,3.28,24.27,52.38
2025-01-08,3789.2153,5.91,7.75,3.27,24.23,51.91
2025-01-09,3779.8773,5.78,7.72,3.22,23.98,52.61
2025-01-10,3732.4806,5.73,7.58,3.15,23.62,53.36
2025-01-13,3722.513,5.69,7.63,3.17,23.48,53.17
2025-01-14,3820.5395,5.76,7.85,3.25,24.01,55.0
2025-01-15,3796.026,5.72,7.78,3.22,23.92,53.28
2025-01-16,3800.3836,5.69,7.84,3.26,23.56,53.53
2025-01-17,3812.3429,5.72,7.79,3.27,23.49,53.0
2025-01-20,3829.6764,5.71,7.92,3.24,23.74,56.03
2025-01-21,3832.6145,5.69,7.8,3.21,23.69,55.49
2025-01-22,3797.0166,5.6,7.7,3.19,23.7,54.57
2025-01-23,3803.7439,5.61,7.76,3.23,23.66,54.38
2025-01-24,3832.8637,5.7,7.83,3.27,23.81,55.86
2025-01-27,3817.0802,5.7,7.9,3.34,23.8,55.36
2025-02-05,3795.0848,5.6,7.94,3.26,23.98,55.99
2025-02-06,3842.8314,5.6,8.02,3.27,24.34,58.05
2025-02-07,3892.7028,5.65,8.09,3.3,24.58,58.17
2025-02-10,3901.0618,5.66,8.33,3.28,25.43,58.6
2025-02-11,3883.1352,5.55,8.23,3.26,25.24,57.51
2025-02-12,3919.8617,5.6,8.29,3.25,25.09,57.63
2025-02-13,3905.1398,5.59,8.18,3.25,25.0,56.86
2025-02-14,3939.0085,5.67,8.16,3.24,25.42,59.48
2025-02-17,3947.3983,5.65,8.22,3.18,26.13,62.32
2025-02-18,3912.7829,5.62,8.07,3.16,25.58,61.48
2025-02-19,3940.1602,5.63,8.14,3.16,25.5,62.5
2025-02-20,3928.8959,5.58,8.2,3.14,25.58,64.36
2025-02-21,3978.444,5.57,8.18,3.12,25.63,68.41
2025-02-24,3969.7169,5.53,8.16,3.12,25.51,63.61
2025-02-25,3925.6505,5.47,8.17,3.08,25.16,62.48
2025-02-26,3959.9413,5.49,8.3,3.09,25.38,64.43
2025-02-27,3968.1159,5.48,8.32,3.09,25.38,62.45
2025-02-28,3890.0487,5.47,8.13,3.09,24.99,61.13
2025-03-03,3888.4738,5.42,8.08,3.04,24.98,60.67
2025-03-04,3885.2208,5.47,8.23,3.02,24.98,60.38
2025-03-05,3902.5706,5.54,8.25,3.02,24.79,59.9
2025-03-06,3956.2369,5.6,8.45,3.03,25.01,62.38
2025-03-07,3944.0143,5.54,8.36,3.02,24.95,62.51
2025-03-10,3928.8018,5.54,8.15,3.01,25.0,62.0
2025-03-11,3941.4157,5.63,8.16,3.02,24.9,61.63
2025-03-12,3927.2315,5.62,8.19,3.04,24.68,61.59
2025-03-13,3911.5793,5.6,8.16,3.04,24.53,61.1
2025-03-14,4006.5567,5.66,8.3,3.08,25.03,63.91
2025-03-17,3996.7876,5.59,8.64,3.09,24.96,64.03
2025-03-18,4007.7229,5.55,8.52,3.11,25.09,69.68
2025-03-19,4010.168,5.57,8.47,3.09,25.01,70.0
2025-03-20,3974.9918,5.56,8.49,3.09,24.95,69.57
2025-03-21,3914.6956,5.52,8.49,3.08,24.5,66.98
2025-03-24,3934.8486,5.51,8.31,3.06,24.51,67.36
2025-03-25,3932.2951,5.57,8.32,3.09,24.75,66.59
2025-03-26,3919.3566,5.55,8.4,3.07,24.55,65.74
2025-03-27,3932.4117,5.6,8.3,3.08,24.99,68.0
2025-03-28,3915.1662,5.62,8.13,2.95,25.31,67.79
2025-03-31,3887.3056,5.57,7.98,2.91,24.83,67.32
2025-04-01,3887.6841,5.64,8.1,2.9,25.75,68.23
2025-04-02,3884.3858,5.65,8.07,2.9,25.46,66.05
2025-04-03,3861.5034,5.71,8.13,2.93,25.51,63.52
2025-04-07,3589.4406,5.57,7.32,2.74,23.2,57.17
2025-04-08,3650.759,5.84,7.37,2.84,23.7,51.61
2025-04-09,3686.7943,6.04,7.65,2.89,23.68,51.25
2025-04-10,3735.1151,5.96,7.74,2.88,23.92,52.3
2025-04-11,3750.5167,5.84,7.75,2.89,23.84,52.1
2025-04-14,3759.1422,5.82,7.86,2.89,23.95,53.11
2025-04-15,3761.2348,5.84,7.81,2.87,24.0,52.58
2025-04-16,3772.8204,6.1,7.8,2.89,24.0,52.36
2025-04-17,3772.2221,6.05,7.85,2.88,23.95,52.51
2025-04-18,3772.523,5.97,7.9,2.88,23.88,52.85
2025-04-21,3784.8806,5.91,7.89,2.89,23.9,53.89
2025-04-22,3783.9522,5.9,7.98,2.89,24.4,54.55
2025-04-23,3786.8824,5.88,8.01,2.88,24.19,56.22
2025-04-24,3784.3574,5.95,8.06,2.87,24.2,56.42
2025-04-25,3786.9937,5.82,8.09,2.9,24.14,57.36
2025-04-28,3781.6188,5.84,7.88,2.93,23.95,58.09
2025-04-29,3775.0767,5.85,7.94,2.96,23.82,60.45
2025-04-30,3770.5705,5.81,7.84,2.94,23.4,59.17
2025-05-06,3808.5424,5.77,7.99,2.95,23.69,60.34
2025-05-07,3831.627,5.91,8.18,2.96,23.81,58.25
2025-05-08,3852.8963,5.94,8.16,2.96,23.83,58.98
2025-05-09,3846.1566,5.96,8.17,2.96,23.52,59.06
2025-05-12,3890.6096,5.97,8.18,2.97,23.59,59.41
2025-05-13,3896.2583,5.92,8.12,2.98,23.94,59.86
2025-05-14,3943.2108,6.01,8.12,2.99,23.91,61.03
2025-05-15,3907.1992,6.02,8.12,2.99,23.77,61.39
2025-05-16,3889.0854,6.01,8.09,2.96,24.02,61.36
2025-05-19,3877.1453,5.99,8.22,2.98,23.83,61.05
2025-05-20,3898.1705,5.95,8.2,2.98,24.07,62.66
2025-05-21,3916.3807,5.95,8.21,2.99,24.18,62.05
2025-05-22,3913.8651,6.01,8.2,2.99,23.95,62.79
2025-05-23,3882.2741,5.87,8.03,2.96,23.93,62.05
2025-05-26,3860.1067,5.89,8.19,3.0,23.51,61.67
2025-05-27,3839.3969,5.89,8.19,3.01,23.63,62.2
2025-05-28,3836.2366,5.88,8.12,3.02,23.53,61.65
2025-05-29,3858.6998,5.9,8.93,3.05,24.11,64.7
2025-05-30,3840.2323,5.86,9.18,3.04,25.37,63.51
2025-06-03,3852.0127,5.88,8.5,3.04,25.27,64.47
